{
  "anvil_cost": 1,
  "description": {
    "translate": "vlvtrm.enchantment.angelic_grace",
    "fallback": "󰆧 Angelic Grace"
  },
  "max_cost": {
    "base": 30,
    "per_level_above_first": 0
  },
  "max_level": 1,
  "min_cost": {
    "base": 30,
    "per_level_above_first": 0
  },
  "slots": [
    "armor"
  ],
  "supported_items": "#minecraft:enchantable/armor",
  "weight": 1,
  "effects": {
    "minecraft:damage_immunity": [
      {
        "requirements": [
          {
            "condition": "minecraft:damage_source_properties",
            "predicate": {
              "tags": [
                {
                  "id": "minecraft:bypasses_invulnerability",
                  "expected": false
                },
                {
                  "id": "minecraft:is_player_attack",
                  "expected": false
                }
              ]
            }
          },
          {
            "condition": "minecraft:random_chance",
            "chance": 0.2
          }
        ],
        "effect": {}
      }
    ]
  }
}