{
  "anvil_cost": 1,
  "description": {
    "translate": "vlvtrm.enchantment.fateweaving",
    "fallback": "Fateweaving"
  },
  "max_cost": {
    "base": 30,
    "per_level_above_first": 0
  },
  "max_level": 1,
  "min_cost": {
    "base": 30,
    "per_level_above_first": 0
  },
  "slots": [
    "mainhand"
  ],
  "supported_items": "#minecraft:enchantable/sword",
  "weight": 1,
  "effects": {
    "minecraft:post_attack": [
      {
        "effect": {
          "type": "minecraft:damage_entity",
          "damage_type": "minecraft:indirect_magic",
          "min_damage": 10,
          "max_damage": 15
        },
        "enchanted": "attacker",
        "affected": "victim"
      },
      {
        "effect": {
          "type": "minecraft:run_function",
          "function": "vlvtrm:enchantment/fateweaving"
        },
        "enchanted": "attacker",
        "affected": "victim"
      },
      {
        "effect": {
          "type": "minecraft:play_sound",
          "sound": "minecraft:block.amethyst_block.resonate",
          "volume": 1,
          "pitch": 1.5
        },
        "enchanted": "attacker",
        "affected": "victim"
      }
    ],
    "minecraft:tick": [
      {
        "requirements": {
          "condition": "minecraft:entity_properties",
          "entity": "this",
          "predicate": {
            "movement": {
              "speed": {
                "min": 0.01
              }
            }
          }
        },
        "effect": {
          "type": "minecraft:spawn_particles",
          "particle": {
            "type": "minecraft:wax_on"
          },
          "horizontal_position": {
            "type": "entity_position"
          },
          "vertical_position": {
            "type": "entity_position",
            "offset": 0.66
          },
          "horizontal_velocity": {
            "base": 1,
            "movement_scale": 1
          },
          "vertical_velocity": {}
        }
      }
    ]
  }
}