{
  "display": "minecraft:debug_stick",
  "settings": {
    "biome": "vlvtrm:dreamland",
    "features": false,
    "lakes": false,
    "layers": [
      {
        "block": "minecraft:bedrock",
        "height": 1
      },
      {
        "block": "minecraft:stone",
        "height": 59
      },
      {
        "block": "minecraft:dirt",
        "height": 3
      },
      {
        "block": "minecraft:grass_block",
        "height": 1
      }
    ],
    "structure_overrides": []
  }
}